name,family,params,best_epoch,train_loss@best,val_log_loss,val_roc_auc,val_pr_auc,sec_per_epoch,gap@best,selected
LogReg lr0.003,logreg,5276,6.0,0.12002214713188851,0.13265261139156095,0.7105566608019112,0.0854305759635696,0.03097999095916748,0.012630464259672444,True
FM e4 lr0.0003,fm,26376,21.0,0.11828060428087034,0.13577286724039742,0.6789570958161157,0.07356669911816198,0.08950756549835205,0.017492262959527077,True
FM e8 lr0.0003,fm,47476,17.0,0.11614132899789294,0.1363615268997117,0.6794164988620222,0.06901773613297282,0.11512819691137835,0.020220197901818768,False
MLP e4 [64] do0.1,mlp,29325,15.0,0.12161308896134274,0.13302152037015436,0.711490977894176,0.07560074484418486,0.15821580555703907,0.01140843140881162,False
"MLP e8 [128, 64]",mlp,80153,7.0,0.12227648194834917,0.13316114419408911,0.70954541923586,0.07473728047120093,0.2519060698422519,0.010884662245739946,False
"MLP e8 [128, 64] do0.2",mlp,80153,7.0,0.1250297310212355,0.13339363216002906,0.7095727841716168,0.07321788132856308,0.2539648142727939,0.008363901138793567,False
"MLP e8 [128, 64] do0.2 wd0.001",mlp,80153,11.0,0.12375488280117661,0.13298696436524043,0.7121448359213585,0.07680379687107863,0.2796800615532058,0.009232081564063827,False
"MLP e8 [128, 64] do0.3 wd0.01",mlp,80153,29.5,0.12539359676474837,0.13214026089395609,0.7184372578770661,0.09052945674561577,0.2778834045997688,0.006746664129207713,False
"MLP e16 [128, 64] do0.3 wd0.001",mlp,148785,9.5,0.12173968624442826,0.1321023515475147,0.7203683143804882,0.08071522403985171,0.38912057942086525,0.010362665303086452,True
"MLP e16 [256, 128, 64] do0.3",mlp,238129,5.0,0.12575387201393673,0.1328404530659988,0.7146349189695248,0.08004082620525749,0.7176990111668904,0.007086581052062058,False
"MLP e8 [256, 128, 64] do0.3 wd0.001",mlp,142873,12.0,0.12274702145717574,0.13239322871141973,0.7166292805317019,0.08083714678187583,0.48135342448949814,0.00964620725424399,False
"MLP e16 [512, 256, 128]",mlp,474161,3.5,0.1243839997134624,0.13243873028751676,0.7156571317310176,0.0784537004049481,1.0589095801115036,0.00805473057405437,False
"DCN e8 x2 [128, 64] do0.2",dcn,81313,7.0,0.12414049209046725,0.13291175239822234,0.711260078367123,0.07364232257005071,0.32230044494975696,0.008771260307755088,False
"DCN e8 x3 [128, 64] do0.2",dcn,81777,7.0,0.12387823411546689,0.13271560990379574,0.7122498819650698,0.07977055766580628,0.35590489344163373,0.008837375788328855,False
"DCN e8 x3 [128, 64] do0.2 wd0.001",dcn,81777,7.0,0.1274114802966553,0.13345773271874045,0.701954991364282,0.07855282168486016,1.2912532091140747,0.006046252422085147,False
"DCN e8 x3 [128, 64] do0.3 wd0.01",dcn,81777,9.5,0.12238277004426526,0.13281764485622782,0.7074431111989927,0.0881845834448309,0.36194920932853614,0.010434874811962563,False
"DCN e16 x4 [256, 128, 64] do0.3",dcn,242089,5.0,0.12460034601093697,0.13209933901350385,0.71942138671875,0.08034065302935536,0.9842958052953084,0.007498993002566873,True
